{"cameraMode":{"drawMode":0,"name":"Shaded","section":"Shading Mode"},"sceneLighting":true,"audioPlay":false,"sceneViewState":{"m_AlwaysRefresh":false,"showFog":true,"showSkybox":true,"showFlares":true,"showImageEffects":true,"showParticleSystems":true,"showVisualEffectGraphs":true,"m_FxEnabled":true},"in2DMode":false,"pivot":{"x":-0.6114201545715332,"y":0.8131012916564941,"z":0.13498973846435548},"rotation":{"x":-0.07381236553192139,"y":0.8965938687324524,"z":-0.16343966126441956,"w":-0.4049184024333954},"size":4.0856451988220219,"orthographic":false}